customer_id,customer_name,email,phone_number,loyalty_status,nationality
1,Chad Hardy,chad.hardy@yahoo.com,722-188-2723x129,Bronze,Mali
2,Emily Hall,emily.hall@yahoo.com,7823985735,Silver,Somalia
3,Caitlin Cohen,caitlin.cohen@hotmail.com,925-400-3698,Silver,Congo
4,Corey Hubbard,corey.hubbard@yahoo.com,778.872.2822x33439,Silver,Ukraine
5,Yvette Jacobs,yvette.jacobs@yahoo.com,(691)338-4529,Silver,Niue
6,Amanda Jones,amanda.jones@yahoo.com,+1-390-095-8004x067,Bronze,El Salvador
7,Brittany Kidd,brittany.kidd@yahoo.com,001-984-682-7019x20813,Silver,Antigua and Barbuda
8,Brandon Jennings,brandon.jennings@yahoo.com,638-050-7750,Bronze,Isle of Man
9,Nicole Morgan,nicole.morgan@hotmail.com,927.233.8328x05709,Silver,Tanzania
10,Barbara Kelley,barbara.kelley@yahoo.com,001-811-342-7249x145,Silver,Uganda
11,Angela Johnson,angela.johnson@yahoo.com,646.991.0037,Silver,United Arab Emirates
12,Karen Cameron,karen.cameron@hotmail.com,960-516-0614,Gold,Mongolia
13,Sara Wood,sara.wood@gmail.com,+1-663-887-7683x0411,Gold,Dominican Republic
14,Renee Alexander,renee.alexander@hotmail.com,627-797-1032x57277,Gold,Croatia
15,Nicole Golden,nicole.golden@hotmail.com,(725)709-9895,Silver,Montenegro
16,Samuel Bell,samuel.bell@yahoo.com,001-648-249-0901x700,Gold,Cambodia
17,Melissa Gonzalez,melissa.gonzalez@yahoo.com,(318)511-8320x5065,Bronze,Samoa
18,Richard Coleman,richard.coleman@yahoo.com,001-930-606-0925,Silver,New Zealand
19,Jonathon Perkins MD,jonathon.perkins.md@hotmail.com,(037)089-5845x935,Silver,Nigeria
20,Andrew Hart,andrew.hart@yahoo.com,+1-009-699-8629x36350,Gold,Trinidad and Tobago
21,Brittany Gutierrez,brittany.gutierrez@gmail.com,284-971-9184,Bronze,Montserrat
22,Lynn Smith,lynn.smith@yahoo.com,757-919-4151,Silver,Benin
23,Mrs. Taylor Baker,mrs..taylor.baker@gmail.com,001-342-998-9107,Silver,Bouvet Island (Bouvetoya)
24,Richard Jackson,richard.jackson@yahoo.com,015.275.7745,Bronze,Congo
25,James Chen,james.chen@yahoo.com,(550)202-9915x11837,Silver,Argentina
26,Sue Kelly,sue.kelly@hotmail.com,6407596385,Gold,Hungary
27,Jeffrey Campbell,jeffrey.campbell@yahoo.com,376-286-3976x178,Silver,Vietnam
28,Neil Avery,neil.avery@yahoo.com,482-393-3061x68767,Bronze,Sri Lanka
29,Elizabeth Flores,elizabeth.flores@gmail.com,(859)430-0677x577,Bronze,Guernsey
30,Shannon Jones,shannon.jones@gmail.com,(039)216-6485x5919,Silver,Bhutan
31,Mrs. Hannah King,mrs..hannah.king@hotmail.com,001-548-232-7720x7297,Gold,Equatorial Guinea
32,Steve Collins,steve.collins@hotmail.com,2316865737,Silver,Singapore
33,David Olsen,david.olsen@hotmail.com,106.853.8915x16188,Gold,Cook Islands
34,Miss Bonnie Burton,miss.bonnie.burton@yahoo.com,393.235.1326x95957,Silver,Liberia
35,Linda Rose,linda.rose@yahoo.com,083-752-0859,Gold,Italy
36,Paul Hall,paul.hall@yahoo.com,7291483315,Silver,Greenland
37,Lauren Hodges,lauren.hodges@hotmail.com,116-539-5865,Silver,Equatorial Guinea
38,Jade Moore,jade.moore@gmail.com,(005)960-9876x3225,Gold,Gibraltar
39,Samuel Graham,samuel.graham@yahoo.com,+1-853-916-9677x25096,Silver,Palestinian Territory
40,Michael Ware,michael.ware@gmail.com,001-069-297-9330x8929,Silver,Samoa
41,Melinda Williamson,melinda.williamson@hotmail.com,001-010-957-9591x40210,Silver,France
42,Gina Vega,gina.vega@hotmail.com,796-547-5569,Bronze,Tunisia
43,Sharon Spears,sharon.spears@hotmail.com,146-209-1411x515,Bronze,Puerto Rico
44,Cynthia Rhodes,cynthia.rhodes@yahoo.com,431-162-3382,Silver,Saint Helena
45,David Choi,david.choi@gmail.com,301-085-9253x769,Gold,Chile
46,David Solomon,david.solomon@gmail.com,(581)798-6043x54075,Silver,Guadeloupe
47,James Crosby,james.crosby@hotmail.com,(283)603-4969,Gold,Belarus
48,Sherry Freeman,sherry.freeman@hotmail.com,417.799.2494x066,Bronze,Mali
49,Anthony Coleman,anthony.coleman@hotmail.com,001-784-868-5929x46131,Gold,Libyan Arab Jamahiriya
50,Anthony Hicks,anthony.hicks@gmail.com,(070)300-1203x53711,Silver,Christmas Island
51,Justin Pena,justin.pena@yahoo.com,098.945.7203,Gold,United Arab Emirates
52,Mindy Hall,mindy.hall@yahoo.com,405-143-2403x905,Gold,Antigua and Barbuda
53,Kurt Turner,kurt.turner@hotmail.com,001-852-324-6669x547,Bronze,Dominica
54,Maria Cole,maria.cole@yahoo.com,674-481-8820x835,Silver,Honduras
55,David Moyer,david.moyer@hotmail.com,+1-599-980-7570x523,Silver,French Polynesia
56,Becky Sutton,becky.sutton@yahoo.com,+1-230-195-3740x91658,Bronze,Bouvet Island (Bouvetoya)
57,Jennifer Torres,jennifer.torres@yahoo.com,(836)521-8748x306,Bronze,Botswana
58,Lori Thompson,lori.thompson@yahoo.com,657.429.7737x859,Bronze,United Arab Emirates
59,Trevor Carr Jr.,trevor.carr.jr.@hotmail.com,7245862476,Bronze,Togo
60,Peter Francis,peter.francis@hotmail.com,195-785-5186,Gold,French Polynesia
61,Jordan Johnson,jordan.johnson@yahoo.com,001-670-496-6152x2452,Gold,Sudan
62,Kristy Mcdowell,kristy.mcdowell@hotmail.com,001-067-904-0045x9793,Bronze,Slovakia (Slovak Republic)
63,Faith Torres,faith.torres@yahoo.com,001-599-111-5735,Gold,Botswana
64,Kathleen Alvarez,kathleen.alvarez@hotmail.com,618.402.4400,Bronze,Mauritania
65,Tammy Bailey,tammy.bailey@gmail.com,024.526.4910x51207,Bronze,Comoros
66,Clarence Montgomery,clarence.montgomery@gmail.com,780-651-3657x95297,Silver,Lithuania
67,Michael Mcintosh,michael.mcintosh@hotmail.com,(583)238-4215,Silver,Chile
68,Andrew Sherman,andrew.sherman@yahoo.com,034-153-4416x243,Bronze,Guadeloupe
69,Melissa Newman,melissa.newman@gmail.com,001-409-326-0382x82840,Bronze,Madagascar
70,Stephanie Miller,stephanie.miller@hotmail.com,001-774-686-7594,Silver,Philippines
71,Jamie Stevens,jamie.stevens@hotmail.com,+1-806-363-9921x46103,Silver,Poland
72,Richard Barrett,richard.barrett@yahoo.com,+1-636-284-7469x0661,Silver,Romania
73,Matthew Patton,matthew.patton@gmail.com,(648)013-3709x423,Bronze,Netherlands Antilles
74,Joshua Collins,joshua.collins@hotmail.com,2071166328,Gold,Senegal
75,Kimberly Torres,kimberly.torres@hotmail.com,001-089-216-1324,Gold,Austria
76,Lance Taylor,lance.taylor@hotmail.com,(616)268-9447,Gold,Saint Vincent and the Grenadines
77,Sara Thomas,sara.thomas@hotmail.com,(140)169-4298x534,Gold,Venezuela
78,Michelle Martin,michelle.martin@yahoo.com,708.982.7015x36321,Gold,Nepal
79,James Smith,james.smith@gmail.com,4286638333,Bronze,Zambia
80,Anthony Pratt,anthony.pratt@gmail.com,001-474-122-7084x2776,Bronze,Argentina
81,Casey Ball,casey.ball@yahoo.com,276-869-9699x01906,Gold,Aruba
82,Andrea Miller,andrea.miller@hotmail.com,074-283-3702,Gold,Sudan
83,Kevin Matthews,kevin.matthews@hotmail.com,107-355-2496x379,Silver,Vanuatu
84,Kyle Howard,kyle.howard@gmail.com,(184)572-5031,Bronze,Guinea-Bissau
85,John Howard,john.howard@hotmail.com,(865)635-1089,Gold,Somalia
86,Joshua Rios,joshua.rios@hotmail.com,(834)525-1188x358,Bronze,Syrian Arab Republic
87,Michael Butler,michael.butler@hotmail.com,(325)849-7071x5863,Silver,Bouvet Island (Bouvetoya)
88,Jerry Smith,jerry.smith@gmail.com,6350039066,Bronze,Saint Kitts and Nevis
89,Mr. Antonio Lozano,mr..antonio.lozano@yahoo.com,6975093702,Gold,Saint Barthelemy
90,Jessica Bryant,jessica.bryant@gmail.com,001-491-793-9243x98718,Bronze,Sweden
91,Chad Walker,chad.walker@hotmail.com,792-465-0068x0182,Bronze,Lithuania
92,Nathan Shannon,nathan.shannon@hotmail.com,+1-395-994-5499x5530,Gold,Montserrat
93,Anna Owens,anna.owens@yahoo.com,640-310-8025,Bronze,Iraq
94,Janice Kelly,janice.kelly@gmail.com,489-268-2889,Bronze,Sri Lanka
95,William Monroe,william.monroe@hotmail.com,325-787-6456,Silver,Martinique
96,Janice Thomas,janice.thomas@gmail.com,+1-555-917-7167,Silver,Norway
97,James Mcgee,james.mcgee@yahoo.com,+1-774-909-1329x42511,Bronze,Armenia
98,Alvin Gomez,alvin.gomez@yahoo.com,001-465-014-7934x8264,Bronze,Armenia
99,Robert Kane,robert.kane@hotmail.com,(272)529-7705x660,Bronze,Portugal
100,Rachel Anderson DDS,rachel.anderson.dds@gmail.com,001-470-633-1862,Gold,Saint Vincent and the Grenadines
101,Ashley Barnes,ashley.barnes@gmail.com,228.506.2418,Silver,Estonia
102,Jeffrey Olson,jeffrey.olson@gmail.com,001-268-599-1513x4699,Gold,Burundi
103,William Armstrong,william.armstrong@hotmail.com,486-717-2119,Bronze,French Southern Territories
104,Michael Cisneros,michael.cisneros@yahoo.com,6130978382,Silver,Israel
105,Kyle Anderson,kyle.anderson@yahoo.com,2611632373,Silver,Switzerland
106,Daniel Castro,daniel.castro@gmail.com,830-191-9520x560,Silver,Macedonia
107,Marcus Dixon,marcus.dixon@hotmail.com,297.725.8172,Silver,Syrian Arab Republic
108,Dana Zavala,dana.zavala@gmail.com,182.998.9741x3214,Gold,Cook Islands
109,Scott Alexander,scott.alexander@hotmail.com,001-033-101-3829x06436,Silver,Italy
110,Kathryn Pratt,kathryn.pratt@yahoo.com,621.241.7329x520,Bronze,Jersey
111,Jeffery Price,jeffery.price@yahoo.com,(812)013-3786,Gold,Andorra
112,Christina Richardson,christina.richardson@yahoo.com,030-539-4667,Gold,China
113,Joseph Diaz,joseph.diaz@gmail.com,+1-712-811-3449,Silver,El Salvador
114,Larry Walker,larry.walker@gmail.com,+1-441-662-6965x057,Bronze,Isle of Man
115,Darlene Boone,darlene.boone@hotmail.com,3133711964,Bronze,Montenegro
116,Michelle Larsen,michelle.larsen@hotmail.com,(356)475-8835x483,Gold,Macao
117,Amanda Adams,amanda.adams@yahoo.com,001-263-169-2174x5856,Silver,Cocos (Keeling) Islands
118,Jason Rodriguez,jason.rodriguez@yahoo.com,(685)745-6855x7802,Bronze,Myanmar
119,William Chambers,william.chambers@yahoo.com,001-528-813-0656x55024,Silver,Cayman Islands
120,Michael Griffin,michael.griffin@hotmail.com,+1-960-519-3225x3263,Gold,Rwanda
121,Becky Franklin,becky.franklin@gmail.com,052-235-1994x54990,Bronze,Indonesia
122,Victoria Fletcher,victoria.fletcher@gmail.com,059.693.1909x4323,Bronze,Christmas Island
123,Linda Walker,linda.walker@hotmail.com,001-147-228-4794x98720,Gold,Tokelau
124,Brian Armstrong,brian.armstrong@yahoo.com,118.442.5977,Silver,Niue
125,Jacqueline Reed,jacqueline.reed@gmail.com,193.003.6921x08036,Gold,Japan
126,Teresa Collier,teresa.collier@yahoo.com,+1-654-213-3361x0105,Bronze,Andorra
127,Kimberly Williams,kimberly.williams@yahoo.com,001-418-890-9945x4593,Gold,Barbados
128,James Miller,james.miller@gmail.com,054.484.5071,Silver,Hong Kong
129,Edward Hoffman MD,edward.hoffman.md@hotmail.com,001-137-615-6602x6042,Silver,Bouvet Island (Bouvetoya)
130,Patricia Garcia,patricia.garcia@gmail.com,455-186-2745x973,Silver,Cocos (Keeling) Islands
131,Eileen Johnson,eileen.johnson@yahoo.com,2836034374,Silver,Lithuania
132,John Chapman,john.chapman@yahoo.com,001-372-437-2752,Silver,Tanzania
133,Lindsey Palmer,lindsey.palmer@yahoo.com,300-969-4846x73896,Silver,Holy See (Vatican City State)
134,Mark Scott,mark.scott@gmail.com,001-301-904-0567x144,Bronze,Palestinian Territory
135,Robert Hogan,robert.hogan@hotmail.com,5711338935,Silver,Denmark
136,Angela Burns,angela.burns@gmail.com,(474)728-0013x53490,Silver,Georgia
137,Jason Pena,jason.pena@yahoo.com,904.953.4332,Silver,New Zealand
138,Juan Green,juan.green@hotmail.com,001-638-256-6051x99052,Gold,Rwanda
139,Heidi Boyd,heidi.boyd@gmail.com,001-316-209-0138x9037,Bronze,Burundi
140,Leah Shepherd,leah.shepherd@yahoo.com,+1-636-430-8544x430,Gold,Spain
141,Elizabeth Wheeler,elizabeth.wheeler@yahoo.com,(847)749-2725x1297,Bronze,Holy See (Vatican City State)
142,Ashley Webb,ashley.webb@hotmail.com,315-428-2145x07284,Silver,Senegal
143,Richard Kim,richard.kim@hotmail.com,001-049-614-9273x5870,Silver,Tokelau
144,Kristen Sandoval DVM,kristen.sandoval.dvm@gmail.com,607.338.4834,Silver,Kiribati
145,Omar Gardner,omar.gardner@yahoo.com,+1-713-506-6172,Gold,Bhutan
146,Heather Mcdonald,heather.mcdonald@gmail.com,+1-062-518-1330x8586,Bronze,Yemen
147,Brianna Nelson,brianna.nelson@gmail.com,001-389-519-8070,Gold,French Southern Territories
148,Robert Sanchez,robert.sanchez@gmail.com,543-548-3948x185,Silver,Niue
149,Brandon Martin,brandon.martin@hotmail.com,001-388-507-8645x32361,Bronze,Germany
150,David Bradford,david.bradford@hotmail.com,776-529-7459x643,Gold,Slovakia (Slovak Republic)
151,Christy Watson,christy.watson@hotmail.com,001-775-437-4849,Gold,Greenland
152,Caitlin Taylor,caitlin.taylor@yahoo.com,342.581.1131,Bronze,Zambia
153,Barbara Sheppard,barbara.sheppard@hotmail.com,855.920.1463,Gold,Mozambique
154,Christopher Green,christopher.green@gmail.com,+1-669-567-1856,Silver,Congo
155,Dennis Miller,dennis.miller@gmail.com,543.144.2877x161,Silver,Sri Lanka
156,Garrett Simmons,garrett.simmons@gmail.com,(308)213-5638x524,Gold,Lebanon
157,Monica Hernandez,monica.hernandez@hotmail.com,+1-639-514-3736x1465,Silver,Swaziland
158,Casey Larson,casey.larson@hotmail.com,001-344-236-2545,Bronze,United States of America
159,Wendy Miller,wendy.miller@gmail.com,(162)088-2195x06348,Gold,Heard Island and McDonald Islands
160,Brian Patel,brian.patel@gmail.com,155.582.4549x395,Bronze,Solomon Islands
161,Reginald Stephens,reginald.stephens@hotmail.com,+1-849-065-2721x815,Bronze,Turkey
162,Curtis Simpson,curtis.simpson@gmail.com,001-828-416-7558x4029,Gold,Djibouti
163,Hannah Black,hannah.black@gmail.com,324.922.6754,Silver,Macedonia
164,Richard Mcdowell,richard.mcdowell@gmail.com,311-992-3026x8028,Silver,Bosnia and Herzegovina
165,Ruth Gordon,ruth.gordon@yahoo.com,001-329-421-0948,Bronze,Trinidad and Tobago
166,Amy White,amy.white@yahoo.com,+1-196-498-3546x55383,Gold,Macedonia
167,Dennis Savage,dennis.savage@yahoo.com,(917)621-6908,Gold,Niue
168,Cathy Robinson,cathy.robinson@yahoo.com,357-338-9655x922,Bronze,Somalia
169,Jose Rivera,jose.rivera@gmail.com,+1-664-350-3069,Gold,Korea
170,Ellen Chapman,ellen.chapman@gmail.com,6926949167,Bronze,Austria
171,Blake Mitchell,blake.mitchell@gmail.com,(759)494-0320,Gold,Ethiopia
172,Elizabeth Jones,elizabeth.jones@hotmail.com,001-910-385-3127x0347,Gold,Venezuela
173,Jordan Mccarthy,jordan.mccarthy@hotmail.com,001-726-000-1066x282,Bronze,Croatia
174,Benjamin Nichols,benjamin.nichols@gmail.com,024.508.8727x219,Silver,Bhutan
175,Bradley King,bradley.king@gmail.com,(763)557-9533x539,Gold,Guernsey
176,Destiny Davis,destiny.davis@gmail.com,184-500-9612,Gold,Cambodia
177,Jennifer Lee,jennifer.lee@gmail.com,206-942-0688,Gold,Portugal
178,Charles Nichols,charles.nichols@gmail.com,(712)326-8817,Gold,Nepal
179,Suzanne Payne,suzanne.payne@yahoo.com,099.276.9529x7050,Silver,Slovenia
180,Kevin Brewer,kevin.brewer@yahoo.com,178.917.0493,Gold,Bahrain
181,Curtis Harris,curtis.harris@yahoo.com,860.521.8510x587,Bronze,Sri Lanka
182,Tom Barnett,tom.barnett@gmail.com,001-161-560-9625x199,Silver,El Salvador
183,Sheila Ball,sheila.ball@hotmail.com,001-381-836-7177x2516,Gold,Maldives
184,Austin Morales Jr.,austin.morales.jr.@hotmail.com,962.083.3649,Bronze,Uzbekistan
185,Sherry Clark,sherry.clark@gmail.com,913.358.9469x20431,Silver,Guyana
186,Andrea Mccall,andrea.mccall@yahoo.com,182.959.4618x3736,Gold,Guinea
187,Susan May,susan.may@gmail.com,277.238.4625x23019,Bronze,French Polynesia
188,Mark Sherman,mark.sherman@gmail.com,+1-151-466-4208x0238,Bronze,Latvia
189,Zoe Campos,zoe.campos@gmail.com,897-744-2531x93547,Bronze,Swaziland
190,Larry Quinn,larry.quinn@gmail.com,4876701878,Gold,Falkland Islands (Malvinas)
191,Chad Thompson,chad.thompson@hotmail.com,211-524-7989,Silver,Antarctica (the territory South of 60 deg S)
192,Nicholas Johnson,nicholas.johnson@hotmail.com,921.978.8555,Gold,Qatar
193,Samantha Smith,samantha.smith@yahoo.com,001-443-015-8614x10699,Gold,Somalia
194,Ivan Mercado,ivan.mercado@gmail.com,+1-730-294-1845x1751,Bronze,Germany
195,Ronald Duncan,ronald.duncan@yahoo.com,639-815-1894,Bronze,Afghanistan
196,Mrs. Tami Davis,mrs..tami.davis@hotmail.com,062.397.2153,Silver,Uruguay
197,Timothy Campbell,timothy.campbell@yahoo.com,001-252-144-3765x43365,Silver,Peru
198,Steven Garcia,steven.garcia@yahoo.com,(154)221-4286x77105,Gold,Trinidad and Tobago
199,Danny Oliver,danny.oliver@yahoo.com,+1-449-244-9022x2428,Silver,Italy
200,Jeffrey Hall,jeffrey.hall@gmail.com,294.628.6608x69749,Gold,Bouvet Island (Bouvetoya)
201,Donna Miller,donna.miller@hotmail.com,001-295-074-1429x7140,Bronze,Cayman Islands
202,Tyler Moran,tyler.moran@yahoo.com,703-006-9449x64739,Silver,Nigeria
203,Ricardo Guerra,ricardo.guerra@gmail.com,735.888.8770x950,Gold,Slovakia (Slovak Republic)
204,Michael Rivera,michael.rivera@yahoo.com,+1-692-649-9097,Bronze,Saint Lucia
205,Alexis Lopez,alexis.lopez@yahoo.com,001-379-535-8648,Gold,Malaysia
206,Drew Martinez,drew.martinez@gmail.com,(819)276-0003x325,Bronze,Denmark
207,Heather Lester,heather.lester@yahoo.com,744-956-3049x860,Bronze,Aruba
208,Andrea Cook,andrea.cook@yahoo.com,(583)376-4929,Bronze,Nepal
209,Jennifer Olson,jennifer.olson@hotmail.com,436-113-2636x386,Bronze,Sierra Leone
210,Joseph James,joseph.james@gmail.com,388.291.4450,Gold,Egypt
211,Russell Ingram,russell.ingram@yahoo.com,(793)872-4791,Silver,Uzbekistan
212,Heather Mueller,heather.mueller@yahoo.com,621.535.0349x66901,Bronze,Latvia
213,Richard Lang,richard.lang@yahoo.com,+1-172-605-7170,Gold,El Salvador
214,Abigail Barton,abigail.barton@yahoo.com,+1-296-694-3531x868,Bronze,Korea
215,Tamara Potter,tamara.potter@gmail.com,001-290-858-0463x8977,Gold,Saint Helena
216,Amanda Miller,amanda.miller@yahoo.com,899-936-9165,Silver,Congo
217,Bonnie Benson,bonnie.benson@hotmail.com,001-610-313-2548x1407,Bronze,Romania
218,Patrick Miller,patrick.miller@gmail.com,702-852-8367,Gold,Croatia
219,Michael Martin,michael.martin@hotmail.com,001-483-564-2691,Gold,Burkina Faso
220,Juan Wilson,juan.wilson@gmail.com,736-858-7665x0289,Silver,South Georgia and the South Sandwich Islands
221,Gerald George,gerald.george@gmail.com,+1-500-305-0397x007,Silver,Gambia
222,Samantha Joseph,samantha.joseph@hotmail.com,001-888-619-2634x08581,Bronze,Liberia
223,Michael Ford,michael.ford@hotmail.com,+1-204-206-8812x37725,Bronze,Cocos (Keeling) Islands
224,Billy Rogers,billy.rogers@yahoo.com,585-715-5974,Gold,Dominica
225,Sharon Graham,sharon.graham@hotmail.com,343-339-8753x79621,Silver,Belize
226,Morgan Wallace,morgan.wallace@hotmail.com,+1-743-704-0035x20976,Bronze,Luxembourg
227,Debra Diaz,debra.diaz@gmail.com,557-707-8163x694,Gold,Guadeloupe
228,Steven Clarke,steven.clarke@gmail.com,001-299-995-9393,Bronze,Gibraltar
229,Kyle Gray,kyle.gray@yahoo.com,001-070-469-4898,Bronze,Iceland
230,Jennifer Murphy,jennifer.murphy@yahoo.com,150.770.7514x2490,Bronze,Cyprus
231,Mandy Farmer,mandy.farmer@yahoo.com,237.924.9021,Gold,French Polynesia
232,Peter Alvarez,peter.alvarez@yahoo.com,+1-214-836-4776,Silver,United States of America
233,Gary Kaufman,gary.kaufman@yahoo.com,+1-858-196-7260x1357,Bronze,Western Sahara
234,Richard Martinez,richard.martinez@hotmail.com,001-353-068-5522x7637,Bronze,Madagascar
235,Brittany Burke,brittany.burke@hotmail.com,001-568-551-6443,Gold,Kiribati
236,Samuel Stafford,samuel.stafford@gmail.com,(820)429-3358x0759,Gold,Austria
237,Nicole Kennedy,nicole.kennedy@hotmail.com,001-430-257-0478x3928,Gold,Ecuador
238,Cathy Roberts,cathy.roberts@gmail.com,1233797388,Bronze,Afghanistan
239,Alexis Holmes,alexis.holmes@yahoo.com,452.221.6943x40437,Silver,Tunisia
240,Stephanie Scott,stephanie.scott@hotmail.com,+1-537-833-9851x1698,Bronze,Cook Islands
241,Julia Moore,julia.moore@gmail.com,080-350-1435,Bronze,Angola
242,Christine Gomez,christine.gomez@gmail.com,001-358-634-0831x38990,Silver,Iran
243,Debra Le,debra.le@yahoo.com,001-098-731-0358,Silver,Colombia
244,Brian Wilson,brian.wilson@gmail.com,(205)842-7009x22665,Gold,Croatia
245,Donna Montgomery,donna.montgomery@yahoo.com,+1-961-292-8619x9080,Silver,Togo
246,Scott Holmes,scott.holmes@hotmail.com,+1-045-411-6893x6323,Bronze,Russian Federation
247,Monica Rich,monica.rich@hotmail.com,(077)719-0571x35361,Silver,Wallis and Futuna
248,Karina Blackburn,karina.blackburn@gmail.com,+1-145-341-0045x5953,Silver,Iraq
249,Brianna Blackburn,brianna.blackburn@yahoo.com,+1-225-898-1278x85592,Silver,Niue
250,Denise Walsh,denise.walsh@hotmail.com,001-654-814-3289x8878,Gold,Nicaragua
251,Adam Gonzalez,adam.gonzalez@yahoo.com,001-696-393-1827x10697,Bronze,Ethiopia
252,Jonathan Christian,jonathan.christian@gmail.com,796-667-7790x5135,Silver,French Guiana
253,Philip Brennan,philip.brennan@yahoo.com,+1-303-354-1613x26116,Silver,Holy See (Vatican City State)
254,Jacob Park,jacob.park@hotmail.com,493.898.5985x21650,Silver,United Arab Emirates
255,Katherine Colon,katherine.colon@hotmail.com,4259478097,Silver,Dominica
256,Lorraine Williams,lorraine.williams@hotmail.com,+1-647-601-2754x94459,Gold,Switzerland
257,Travis Garner,travis.garner@hotmail.com,(705)785-9271x5529,Silver,Greece
258,David Higgins,david.higgins@gmail.com,(989)172-0040x337,Silver,Greenland
259,Shawn Harrison,shawn.harrison@yahoo.com,057-258-6150x915,Bronze,Uzbekistan
260,Suzanne Lee,suzanne.lee@gmail.com,(799)758-0665x16458,Gold,Lao People's Democratic Republic
261,James Nguyen,james.nguyen@hotmail.com,+1-119-313-2046,Bronze,Zimbabwe
262,Lauren Olsen,lauren.olsen@hotmail.com,(991)936-8079x28538,Silver,Tanzania
263,Mary Martinez,mary.martinez@gmail.com,001-914-960-4018x787,Gold,Peru
264,Catherine Howard,catherine.howard@yahoo.com,640-543-3161x520,Gold,Gambia
265,Luis Allen,luis.allen@yahoo.com,(337)745-4437,Bronze,Reunion
266,Michael Parker,michael.parker@yahoo.com,+1-769-546-2249x3957,Gold,Cyprus
267,Thomas Woodward,thomas.woodward@gmail.com,(119)061-6683x561,Gold,Guam
268,Nathan Doyle,nathan.doyle@hotmail.com,001-776-137-7776x0406,Gold,Romania
269,Micheal Robbins,micheal.robbins@yahoo.com,+1-312-200-2467,Silver,Guyana
270,Gregory Parker,gregory.parker@yahoo.com,(282)366-3953x102,Gold,Anguilla
271,Phillip Reeves,phillip.reeves@hotmail.com,(957)272-2203,Bronze,Maldives
272,Michael Daniel,michael.daniel@yahoo.com,852-150-4560x124,Bronze,Honduras
273,Cynthia Wilson MD,cynthia.wilson.md@hotmail.com,+1-131-419-5625x744,Silver,Saint Vincent and the Grenadines
274,James Perez,james.perez@gmail.com,(708)297-1280x951,Bronze,Mayotte
275,Christopher Phillips,christopher.phillips@yahoo.com,088.628.8367x34142,Silver,United Kingdom
276,John Sanders,john.sanders@gmail.com,445-449-2641x8485,Gold,Dominican Republic
277,Glenda Wallace,glenda.wallace@hotmail.com,632-419-2499,Silver,Timor-Leste
278,Lisa Hubbard,lisa.hubbard@hotmail.com,931-585-8865x9983,Gold,Tuvalu
279,Patricia Blanchard,patricia.blanchard@gmail.com,+1-495-683-3713,Bronze,Mali
280,Edward Hill,edward.hill@hotmail.com,(653)678-5331x05421,Gold,Argentina
281,Robert Woodard,robert.woodard@hotmail.com,563.444.9368x790,Gold,Croatia
282,Brett Shaffer,brett.shaffer@gmail.com,845-543-2773x858,Gold,Saint Kitts and Nevis
283,Catherine Reilly,catherine.reilly@yahoo.com,001-173-791-0890x239,Silver,Zambia
284,Amber Ross,amber.ross@gmail.com,001-819-992-5099x08158,Silver,Zimbabwe
285,Dustin Cameron,dustin.cameron@yahoo.com,001-895-714-4078x169,Silver,Albania
286,Frank Evans,frank.evans@gmail.com,829-389-9817,Silver,Swaziland
287,Leah Baker,leah.baker@yahoo.com,+1-939-102-8382x806,Silver,Senegal
288,Richard Gordon,richard.gordon@gmail.com,+1-105-406-6394x9909,Silver,Saint Kitts and Nevis
289,Courtney Davenport,courtney.davenport@gmail.com,+1-551-523-5240x03330,Silver,Malaysia
290,Annette Gaines,annette.gaines@yahoo.com,1223836972,Bronze,Martinique
291,Adam Cunningham,adam.cunningham@hotmail.com,(224)898-3452x374,Bronze,Chile
292,Michael Morgan,michael.morgan@gmail.com,+1-406-762-6300x3009,Bronze,Equatorial Guinea
293,Kimberly King,kimberly.king@gmail.com,001-058-962-5103,Bronze,Hungary
294,Mr. Ray Medina,mr..ray.medina@hotmail.com,530.918.8197,Silver,Yemen
295,Lynn Daniel,lynn.daniel@yahoo.com,+1-988-257-7021x4391,Gold,Kazakhstan
296,Lori Hinton,lori.hinton@yahoo.com,+1-810-267-1720x0580,Bronze,Samoa
297,Thomas Sexton,thomas.sexton@gmail.com,(352)678-1729x086,Silver,Syrian Arab Republic
298,Kathryn Moran,kathryn.moran@hotmail.com,(313)339-5205x03614,Gold,Western Sahara
299,Robert Jones,robert.jones@hotmail.com,888.272.8136x70434,Gold,Puerto Rico
300,Kevin Richardson,kevin.richardson@hotmail.com,685-074-9910x5936,Gold,Liechtenstein
301,Gregory Mccarthy,gregory.mccarthy@yahoo.com,877-274-7408x07436,Gold,Greece
302,Ernest Holmes,ernest.holmes@yahoo.com,(174)007-7332,Gold,Singapore
303,Mary Martin,mary.martin@gmail.com,(205)193-9364x02472,Bronze,Sao Tome and Principe
304,Heather Hunt,heather.hunt@yahoo.com,+1-293-317-2584x102,Silver,Italy
305,Victor Stanley,victor.stanley@hotmail.com,+1-773-628-4277,Gold,Mexico
306,Amy Wells,amy.wells@gmail.com,113.357.0967,Gold,Cyprus
307,Craig Thomas,craig.thomas@gmail.com,(788)779-5913x5628,Silver,Comoros
308,Michael Dickson,michael.dickson@gmail.com,+1-614-609-4412x54746,Silver,French Polynesia
309,Danielle Lopez,danielle.lopez@gmail.com,7909746007,Bronze,Andorra
310,Juan White,juan.white@hotmail.com,098-110-5089,Silver,Taiwan
311,Paul Jackson,paul.jackson@yahoo.com,001-221-834-6433,Bronze,Denmark
312,Jenna Martin,jenna.martin@gmail.com,(116)356-1662,Silver,Ireland
313,Dr. Erin Martin,dr..erin.martin@yahoo.com,+1-654-058-8601x119,Silver,Tonga
314,Eric Peters,eric.peters@gmail.com,(272)080-6699x6860,Gold,Moldova
315,Mark Arnold,mark.arnold@hotmail.com,+1-207-839-5504,Bronze,Mayotte
316,Joyce Daniels,joyce.daniels@hotmail.com,(599)142-6186,Silver,Armenia
317,Bryan Bartlett,bryan.bartlett@hotmail.com,794.600.6195,Bronze,Senegal
318,Karen Jacobs,karen.jacobs@yahoo.com,031.714.9702x5330,Gold,Greece
319,Jessica Li,jessica.li@gmail.com,182-002-1225x924,Bronze,Kiribati
320,Shane Foster,shane.foster@gmail.com,403.996.4725x54900,Gold,Gabon
321,Melissa Carr,melissa.carr@hotmail.com,001-105-620-3337,Gold,Cote d'Ivoire
322,Dana Ferguson,dana.ferguson@gmail.com,+1-815-710-0626x1451,Silver,French Polynesia
323,Angel Hampton,angel.hampton@gmail.com,(222)190-7723x640,Gold,Trinidad and Tobago
324,Michelle Wood,michelle.wood@gmail.com,+1-294-893-4224x524,Gold,Jersey
325,Bryan Waters,bryan.waters@gmail.com,3602395325,Gold,Cook Islands
326,Mrs. Tiffany Collins MD,mrs..tiffany.collins.md@yahoo.com,758.886.7388x9767,Gold,Guernsey
327,Michelle Brooks,michelle.brooks@gmail.com,+1-465-122-3072x0644,Gold,Guyana
328,Allison Henson,allison.henson@gmail.com,189-240-1974x67806,Bronze,French Guiana
329,Bruce Brown,bruce.brown@yahoo.com,+1-687-229-2699x72665,Bronze,Ghana
330,Kristina Davis,kristina.davis@yahoo.com,(518)099-2532,Gold,Qatar
331,Christopher White,christopher.white@gmail.com,(858)563-8143,Bronze,Heard Island and McDonald Islands
332,Timothy Butler,timothy.butler@yahoo.com,559-869-6255,Gold,Hungary
333,Gary Morris,gary.morris@hotmail.com,+1-439-421-6722x5237,Gold,Bouvet Island (Bouvetoya)
334,Emma Nguyen,emma.nguyen@hotmail.com,491-353-0329,Silver,Ireland
335,April Jackson,april.jackson@hotmail.com,264-000-0485x83040,Bronze,Lebanon
336,Erik Beasley,erik.beasley@hotmail.com,+1-462-349-6512x415,Gold,Niue
337,Justin Schmidt,justin.schmidt@gmail.com,+1-193-155-4211x89692,Silver,Greece
338,Diana Davis,diana.davis@gmail.com,656.043.4316x8424,Silver,Lao People's Democratic Republic
339,Brett Moyer,brett.moyer@hotmail.com,+1-720-800-6239x815,Silver,Anguilla
340,Laura Edwards,laura.edwards@gmail.com,290.098.9533,Gold,Israel
341,Nicole Archer,nicole.archer@gmail.com,001-090-518-2457x0019,Gold,Netherlands
342,Michelle Peters,michelle.peters@gmail.com,001-762-851-3535x48461,Silver,Burkina Faso
343,Craig White,craig.white@yahoo.com,3097725917,Gold,United Arab Emirates
344,Adrian Perry,adrian.perry@gmail.com,001-363-438-2201x86749,Silver,Cook Islands
345,Jeffery Cruz,jeffery.cruz@yahoo.com,+1-894-161-8833x570,Bronze,Reunion
346,Renee Wood,renee.wood@yahoo.com,001-304-757-2967x0143,Silver,Myanmar
347,Garrett Phelps,garrett.phelps@gmail.com,+1-255-275-3241,Bronze,Moldova
348,Suzanne Obrien,suzanne.obrien@yahoo.com,+1-442-463-2705x566,Silver,Morocco
349,Johnny Roberts,johnny.roberts@hotmail.com,001-405-372-7247x930,Bronze,Botswana
350,Stephen Simmons,stephen.simmons@hotmail.com,265-905-8024,Gold,Argentina
351,Victoria Trujillo,victoria.trujillo@hotmail.com,(124)897-3027x13135,Bronze,Marshall Islands
352,Michael Munoz,michael.munoz@gmail.com,001-382-692-1116x334,Gold,Falkland Islands (Malvinas)
353,William Davis,william.davis@gmail.com,502-773-8387x320,Silver,Botswana
354,Robert Chapman,robert.chapman@gmail.com,(326)259-5951,Gold,Australia
355,Stephanie Barrett,stephanie.barrett@gmail.com,1154080683,Bronze,Yemen
356,Colton Simpson,colton.simpson@yahoo.com,034-633-6855,Bronze,Sri Lanka
357,Joseph Welch,joseph.welch@yahoo.com,+1-463-692-0465x232,Silver,Denmark
358,Crystal Dominguez,crystal.dominguez@gmail.com,213.564.9925,Bronze,Greenland
359,Kendra Long,kendra.long@yahoo.com,+1-366-713-5328x2441,Gold,Isle of Man
360,Samantha Stevens,samantha.stevens@yahoo.com,001-474-412-0860,Silver,Sudan
361,Jesse David,jesse.david@yahoo.com,(767)679-5426x638,Silver,Cambodia
362,Karen Henderson,karen.henderson@gmail.com,+1-859-540-7968x9367,Gold,Chile
363,Michael Cole,michael.cole@yahoo.com,1521446574,Gold,Gibraltar
364,Sheila Garrison,sheila.garrison@gmail.com,719-158-6019x3190,Silver,Brazil
365,Charles Griffith,charles.griffith@hotmail.com,+1-295-513-9468x0307,Bronze,Morocco
366,Dennis Melton,dennis.melton@hotmail.com,(333)605-4951x5049,Bronze,Kenya
367,Barry Baker,barry.baker@gmail.com,722.290.0459,Gold,Saudi Arabia
368,Jeffery Galvan,jeffery.galvan@hotmail.com,(001)230-6625x382,Silver,Iran
369,Frank Meyer,frank.meyer@hotmail.com,5101045372,Silver,Mongolia
370,Sharon Rosales,sharon.rosales@hotmail.com,642-770-0308x9129,Silver,Cocos (Keeling) Islands
371,Stephen Kim,stephen.kim@yahoo.com,504.625.0103,Bronze,Kazakhstan
372,Amber Perez,amber.perez@gmail.com,408.352.6503,Gold,Swaziland
373,Emily Dodson,emily.dodson@yahoo.com,910.726.3344,Silver,Tanzania
374,Amanda Chase,amanda.chase@yahoo.com,001-268-678-3427x7695,Gold,Qatar
375,Elizabeth Gray,elizabeth.gray@gmail.com,238-073-5829,Silver,Turks and Caicos Islands
376,Ashley Harvey,ashley.harvey@yahoo.com,976-345-9225x07434,Bronze,Gibraltar
377,Amy Mitchell,amy.mitchell@gmail.com,(317)175-1334x830,Gold,Madagascar
378,Wesley Wilcox PhD,wesley.wilcox.phd@yahoo.com,(322)068-1130x48211,Gold,Seychelles
379,Alyssa Gardner,alyssa.gardner@hotmail.com,6196424004,Bronze,Switzerland
380,Mrs. Lorraine Adams MD,mrs..lorraine.adams.md@gmail.com,750-642-5442x5168,Bronze,Martinique
381,Beverly Davis,beverly.davis@gmail.com,+1-370-483-4332,Gold,Hungary
382,Monica Calderon,monica.calderon@yahoo.com,+1-319-366-4539x853,Bronze,Chad
383,Kevin Taylor,kevin.taylor@hotmail.com,(737)512-8005,Gold,Bahamas
384,David Carter,david.carter@gmail.com,(234)557-9772x8078,Silver,Macao
385,Daniel Roman,daniel.roman@hotmail.com,015-202-0851x939,Gold,United Arab Emirates
386,Sarah Faulkner,sarah.faulkner@hotmail.com,752-987-9237,Bronze,Slovakia (Slovak Republic)
387,Marie Pham,marie.pham@yahoo.com,830-807-3350x455,Silver,Belize
388,Stephen Fowler,stephen.fowler@yahoo.com,936-634-2624,Gold,Estonia
389,Amber Dickerson,amber.dickerson@gmail.com,(357)036-6448x447,Silver,Spain
390,Joshua Moore,joshua.moore@yahoo.com,001-699-400-2959x886,Gold,Morocco
391,Martin Thomas,martin.thomas@gmail.com,443-138-6281x90534,Gold,Malawi
392,Donald Ortega,donald.ortega@gmail.com,(372)690-7263x633,Bronze,Singapore
393,Donald Mcgee,donald.mcgee@hotmail.com,+1-033-896-7930x7323,Gold,Guam
394,Kristine Washington,kristine.washington@yahoo.com,(515)177-8731,Gold,Trinidad and Tobago
395,Shannon Wallace,shannon.wallace@yahoo.com,966-390-4270x7509,Bronze,British Virgin Islands
396,Mr. Andrew Hodges DVM,mr..andrew.hodges.dvm@yahoo.com,8418460137,Bronze,Zimbabwe
397,Andrea Marquez,andrea.marquez@yahoo.com,776.212.0279x31626,Silver,Puerto Rico
398,Jonathan Hernandez,jonathan.hernandez@hotmail.com,+1-617-885-5853x30993,Gold,Uzbekistan
399,Monique Thompson,monique.thompson@gmail.com,054.942.2268x2445,Gold,Yemen
400,Tammy Spears,tammy.spears@hotmail.com,587-112-5392,Bronze,United States Virgin Islands
401,Alyssa Ramirez,alyssa.ramirez@hotmail.com,001-041-816-5890x91941,Bronze,Jordan
402,Brandon Freeman,brandon.freeman@hotmail.com,056-401-7725x568,Bronze,Angola
403,Wesley Vasquez,wesley.vasquez@yahoo.com,(291)333-0145x62088,Bronze,Japan
404,Thomas Robinson,thomas.robinson@hotmail.com,220.328.8412x5398,Gold,Russian Federation
405,Marc Murillo,marc.murillo@yahoo.com,001-005-828-7622x7822,Silver,Guinea-Bissau
406,Michael Hayden,michael.hayden@yahoo.com,(664)808-0866,Gold,Bahamas
407,Andrew Wagner,andrew.wagner@yahoo.com,039.053.4713x563,Gold,Netherlands
408,Charles Baker MD,charles.baker.md@yahoo.com,001-278-243-6691x94983,Silver,United Arab Emirates
409,Jacqueline Duncan,jacqueline.duncan@hotmail.com,(097)067-2294x3267,Bronze,Eritrea
410,Jessica Shaw,jessica.shaw@gmail.com,(209)030-9465x2889,Gold,Iraq
411,Marisa Bowen,marisa.bowen@yahoo.com,1288231974,Bronze,United States Minor Outlying Islands
412,Jeffery Taylor,jeffery.taylor@yahoo.com,229-862-5766x313,Silver,Gibraltar
413,Jonathan Smith,jonathan.smith@gmail.com,001-181-409-2328,Gold,Belize
414,Alicia Johnson,alicia.johnson@hotmail.com,539.592.6760x9771,Silver,Uganda
415,Andrew Smith MD,andrew.smith.md@hotmail.com,100-618-8960,Silver,Niue
416,Anna Oliver,anna.oliver@gmail.com,(427)211-5478,Silver,Ireland
417,Zachary Munoz,zachary.munoz@hotmail.com,001-964-944-8049x02552,Bronze,Ireland
418,Brandon Hansen,brandon.hansen@gmail.com,482.142.6167,Gold,Grenada
419,Steven Daniel,steven.daniel@yahoo.com,(744)973-0089x49151,Silver,Cayman Islands
420,Mikayla Moore,mikayla.moore@hotmail.com,(154)449-0646,Bronze,Romania
421,Mr. Corey Liu,mr..corey.liu@yahoo.com,083-772-5991,Silver,Mayotte
422,Kathleen Cowan,kathleen.cowan@hotmail.com,624-314-7692,Bronze,Tanzania
423,Diane Wolfe,diane.wolfe@hotmail.com,(811)430-7383x040,Bronze,Malawi
424,Mrs. Deborah Beck,mrs..deborah.beck@gmail.com,590-304-4491x1996,Bronze,Estonia
425,Michelle Wilson MD,michelle.wilson.md@hotmail.com,022-507-6236x70417,Gold,Montserrat
426,Ashley Davis,ashley.davis@gmail.com,333.039.3405,Silver,British Indian Ocean Territory (Chagos Archipelago)
427,Jeffery Wilcox,jeffery.wilcox@gmail.com,735.549.6551x4507,Bronze,Mali
428,Maria Collins,maria.collins@gmail.com,818.403.8977x67207,Silver,San Marino
429,Lisa Price,lisa.price@gmail.com,516.690.8205,Gold,Somalia
430,Courtney Briggs,courtney.briggs@gmail.com,214-325-1552x69094,Gold,Niger
431,Kevin Chung,kevin.chung@hotmail.com,001-145-067-1958x505,Gold,Tunisia
432,Lisa Jordan,lisa.jordan@hotmail.com,(040)463-8004,Silver,Comoros
433,Anthony Johnson,anthony.johnson@yahoo.com,001-323-812-8778x1639,Gold,Estonia
434,Seth Bennett,seth.bennett@gmail.com,046.090.3115x7846,Bronze,Svalbard & Jan Mayen Islands
435,Rachael Gray,rachael.gray@hotmail.com,229.560.6082,Silver,Philippines
436,Cynthia Bryan,cynthia.bryan@hotmail.com,+1-356-001-7420x988,Gold,Zambia
437,Ricky Snow,ricky.snow@gmail.com,(500)238-3006,Gold,Zambia
438,Carlos Hall,carlos.hall@hotmail.com,957.917.6128x78331,Gold,British Virgin Islands
439,Tiffany Simpson,tiffany.simpson@hotmail.com,+1-414-345-8567x561,Gold,Algeria
440,Sarah Horton,sarah.horton@yahoo.com,5070381805,Gold,Niue
441,Kyle Stanley,kyle.stanley@yahoo.com,267-313-0910,Bronze,American Samoa
442,Matthew Wagner,matthew.wagner@yahoo.com,(547)791-4818x94547,Silver,Oman
443,Paul Thompson,paul.thompson@hotmail.com,2344299762,Bronze,Finland
444,Ellen Robinson,ellen.robinson@yahoo.com,5040034713,Silver,Argentina
445,Leslie Nguyen,leslie.nguyen@yahoo.com,(253)171-0609x729,Silver,Tanzania
446,Jacqueline Marshall,jacqueline.marshall@hotmail.com,001-277-024-4142x973,Gold,Hong Kong
447,Andrea Wilson,andrea.wilson@gmail.com,521.833.1382,Silver,Saint Barthelemy
448,Garrett Lindsey,garrett.lindsey@hotmail.com,001-542-109-0512,Gold,Belize
449,Laura Silva,laura.silva@gmail.com,(525)036-2656x107,Bronze,Saudi Arabia
450,Evan Garner,evan.garner@hotmail.com,+1-438-932-2759x30950,Silver,Bulgaria
451,Darlene Jackson,darlene.jackson@yahoo.com,+1-228-871-2501,Bronze,Greece
452,Eric Moss,eric.moss@gmail.com,001-853-209-0092x48625,Bronze,Nigeria
453,Ashley Thomas,ashley.thomas@hotmail.com,291.018.7175x79182,Bronze,Nigeria
454,Lisa Williamson,lisa.williamson@hotmail.com,405-929-6607x0812,Silver,Netherlands Antilles
455,Jordan Guerra,jordan.guerra@hotmail.com,527-231-0677x1538,Silver,Nigeria
456,Lisa Nicholson,lisa.nicholson@hotmail.com,495-823-8459x200,Bronze,Venezuela
457,Tara Sweeney,tara.sweeney@hotmail.com,902-461-1594x558,Bronze,Sri Lanka
458,Abigail Richardson,abigail.richardson@hotmail.com,412.577.0531x38373,Gold,Ukraine
459,Roger Garcia,roger.garcia@hotmail.com,(730)327-9536x6672,Bronze,Belize
460,David Garrett,david.garrett@hotmail.com,452.863.0941,Silver,Christmas Island
461,Kevin Gonzales,kevin.gonzales@yahoo.com,739.763.5562,Bronze,Norfolk Island
462,Nathan Phillips,nathan.phillips@gmail.com,173-034-4793x5610,Gold,Switzerland
463,Annette Smith,annette.smith@hotmail.com,+1-463-069-2685x9134,Bronze,Vietnam
464,Andrew Gonzales,andrew.gonzales@hotmail.com,+1-177-572-5857x24927,Silver,Norfolk Island
465,James Lawson,james.lawson@yahoo.com,+1-841-952-8667x8132,Bronze,Isle of Man
466,Stephanie Harris,stephanie.harris@hotmail.com,512-620-9127x68049,Silver,Falkland Islands (Malvinas)
467,Christopher Lane,christopher.lane@yahoo.com,(031)925-8478x41479,Bronze,Gabon
468,Karen Lozano,karen.lozano@hotmail.com,001-012-808-8783,Silver,Guinea
469,Robin Hernandez,robin.hernandez@hotmail.com,001-278-467-1781,Silver,Egypt
470,Edward Parker,edward.parker@yahoo.com,(793)799-5305,Silver,Djibouti
471,Christopher Roman,christopher.roman@yahoo.com,+1-471-995-6169,Gold,British Virgin Islands
472,Kristy Wilson,kristy.wilson@hotmail.com,468-532-1180,Bronze,Algeria
473,Vanessa Davis,vanessa.davis@hotmail.com,(887)306-8352x254,Silver,Uganda
474,Robert Hobbs,robert.hobbs@hotmail.com,880-434-2626x81927,Bronze,Swaziland
475,Jason Williams,jason.williams@yahoo.com,434.562.8720,Bronze,Tajikistan
476,Suzanne Simmons,suzanne.simmons@gmail.com,001-890-935-1834x662,Gold,Eritrea
477,Lori Hale,lori.hale@gmail.com,001-052-509-6238x330,Gold,Cote d'Ivoire
478,Michael Barr,michael.barr@hotmail.com,292-454-8329x550,Bronze,Sri Lanka
479,Edward Williams,edward.williams@yahoo.com,(963)756-8503,Gold,Peru
480,Helen Carney,helen.carney@yahoo.com,+1-668-726-3851x1210,Bronze,Nepal
481,Benjamin Perry,benjamin.perry@hotmail.com,001-352-218-8360,Gold,Burkina Faso
482,Sandra Miller,sandra.miller@gmail.com,988-823-4838,Gold,France
483,Audrey Petersen,audrey.petersen@gmail.com,344-346-6540x4156,Bronze,Bulgaria
484,Laura Johnson,laura.johnson@hotmail.com,964.831.7154x1707,Bronze,Kazakhstan
485,Carol Smith,carol.smith@hotmail.com,(627)411-2707x2439,Bronze,Japan
486,Jocelyn Mcintyre,jocelyn.mcintyre@hotmail.com,247.385.1347x995,Gold,Zambia
487,Sarah Perez,sarah.perez@yahoo.com,9337250266,Silver,Nigeria
488,Heather Clark,heather.clark@hotmail.com,(474)318-7477x524,Gold,Guernsey
489,Christopher Mack,christopher.mack@yahoo.com,046-699-8990,Bronze,American Samoa
490,Robin Higgins,robin.higgins@gmail.com,(017)434-8770x1183,Gold,Serbia
491,Sharon Lutz,sharon.lutz@yahoo.com,752.169.9837x366,Silver,Saint Helena
492,Brian Friedman,brian.friedman@gmail.com,001-368-595-9968x3873,Silver,Afghanistan
493,Kathleen Alvarez,kathleen.alvarez@yahoo.com,024-436-9113x01812,Gold,Isle of Man
494,Richard Nunez,richard.nunez@hotmail.com,001-557-071-9276x41234,Bronze,French Southern Territories
495,Sharon Fletcher,sharon.fletcher@hotmail.com,+1-491-433-8151,Bronze,Botswana
496,Ricardo Anderson MD,ricardo.anderson.md@gmail.com,225-238-9797,Bronze,Singapore
497,Mr. Timothy Hall II,mr..timothy.hall.ii@gmail.com,+1-926-520-2455x89708,Gold,Palestinian Territory
498,Garrett Nunez,garrett.nunez@gmail.com,127-404-8187x436,Bronze,Tuvalu
499,Karen Taylor,karen.taylor@yahoo.com,687-401-7800x6837,Bronze,Turkmenistan
500,Rebecca Hernandez,rebecca.hernandez@yahoo.com,028.596.0060,Silver,Sri Lanka
